IncomeGroup,Correlation
Low income,-0.4749698183680745
Upper middle income,-0.04227585912524831
Lower middle income,-0.3469906941349906
High income,0.4438479519140576
